{
  "POST /reservations [Accept Reservation]" : {
    "transaction" : "POST /reservations [Accept Reservation]",
    "sampleCount" : 10965,
    "errorCount" : 32,
    "errorPct" : 0.29183766,
    "meanResTime" : 1818.9892384860927,
    "medianResTime" : 160.0,
    "minResTime" : 39.0,
    "maxResTime" : 32200.0,
    "pct1ResTime" : 6256.599999999997,
    "pct2ResTime" : 9602.399999999987,
    "pct3ResTime" : 18648.760000000002,
    "throughput" : 7.288838073460054,
    "receivedKBytesPerSec" : 2.824028767727697,
    "sentKBytesPerSec" : 2.509991953569802
  },
  "GET /sports-fields [Accept Reservation]" : {
    "transaction" : "GET /sports-fields [Accept Reservation]",
    "sampleCount" : 10988,
    "errorCount" : 12,
    "errorPct" : 0.109210044,
    "meanResTime" : 2790.4049872588253,
    "medianResTime" : 1162.0,
    "minResTime" : 47.0,
    "maxResTime" : 34633.0,
    "pct1ResTime" : 8275.1,
    "pct2ResTime" : 11931.099999999984,
    "pct3ResTime" : 19461.510000000024,
    "throughput" : 7.293296313725906,
    "receivedKBytesPerSec" : 13.054702569222595,
    "sentKBytesPerSec" : 0.968640916666722
  },
  "PUT /reservations/reservationId/status [Evaluate Sports Experience]" : {
    "transaction" : "PUT /reservations/reservationId/status [Evaluate Sports Experience]",
    "sampleCount" : 9480,
    "errorCount" : 39,
    "errorPct" : 0.4113924,
    "meanResTime" : 1650.63154008439,
    "medianResTime" : 135.0,
    "minResTime" : 39.0,
    "maxResTime" : 32447.0,
    "pct1ResTime" : 5415.699999999995,
    "pct2ResTime" : 9183.899999999998,
    "pct3ResTime" : 16856.60000000007,
    "throughput" : 6.301821346023837,
    "receivedKBytesPerSec" : 1.4138576897675839,
    "sentKBytesPerSec" : 1.3962639107055845
  },
  "POST /reservations/updatedReservationId/rating [Evaluate Sports Experience]" : {
    "transaction" : "POST /reservations/updatedReservationId/rating [Evaluate Sports Experience]",
    "sampleCount" : 9460,
    "errorCount" : 51,
    "errorPct" : 0.53911203,
    "meanResTime" : 1682.7822410148021,
    "medianResTime" : 138.0,
    "minResTime" : 39.0,
    "maxResTime" : 32978.0,
    "pct1ResTime" : 5478.999999999996,
    "pct2ResTime" : 9279.949999999977,
    "pct3ResTime" : 17273.17,
    "throughput" : 6.291608749725656,
    "receivedKBytesPerSec" : 1.5150685972821714,
    "sentKBytesPerSec" : 1.5230579396644033
  },
  "GET /sports-fields [Available Sports Fields]" : {
    "transaction" : "GET /sports-fields [Available Sports Fields]",
    "sampleCount" : 23687,
    "errorCount" : 49,
    "errorPct" : 0.20686452,
    "meanResTime" : 3830.4271541351736,
    "medianResTime" : 2681.0,
    "minResTime" : 85.0,
    "maxResTime" : 34249.0,
    "pct1ResTime" : 11491.000000000015,
    "pct2ResTime" : 14278.95,
    "pct3ResTime" : 23805.75000000004,
    "throughput" : 15.717137964051036,
    "receivedKBytesPerSec" : 28.292415546385698,
    "sentKBytesPerSec" : 2.0874323858505286
  },
  "POST /sports-facilities/sportsFacilityId/sports-fields [Create Sports Field]" : {
    "transaction" : "POST /sports-facilities/sportsFacilityId/sports-fields [Create Sports Field]",
    "sampleCount" : 8252,
    "errorCount" : 32,
    "errorPct" : 0.38778478,
    "meanResTime" : 7772.396631119737,
    "medianResTime" : 2251.5,
    "minResTime" : 48.0,
    "maxResTime" : 215588.0,
    "pct1ResTime" : 21758.3,
    "pct2ResTime" : 32126.49999999997,
    "pct3ResTime" : 62326.71000000002,
    "throughput" : 5.471092779841555,
    "receivedKBytesPerSec" : 1.8484211808265116,
    "sentKBytesPerSec" : 1.8700885275537016
  },
  "GET /sports-fields [Request a Reservation]" : {
    "transaction" : "GET /sports-fields [Request a Reservation]",
    "sampleCount" : 13218,
    "errorCount" : 17,
    "errorPct" : 0.1286125,
    "meanResTime" : 2967.3585262520783,
    "medianResTime" : 1255.0,
    "minResTime" : 46.0,
    "maxResTime" : 34027.0,
    "pct1ResTime" : 8701.600000000002,
    "pct2ResTime" : 12497.549999999992,
    "pct3ResTime" : 21183.809999999998,
    "throughput" : 8.771400112678448,
    "receivedKBytesPerSec" : 15.71794867780334,
    "sentKBytesPerSec" : 1.1649515774651065
  },
  "GET /sports-facilities [Create Sports Field]" : {
    "transaction" : "GET /sports-facilities [Create Sports Field]",
    "sampleCount" : 8290,
    "errorCount" : 19,
    "errorPct" : 0.2291918,
    "meanResTime" : 3221.6634499396864,
    "medianResTime" : 1241.0,
    "minResTime" : 78.0,
    "maxResTime" : 35423.0,
    "pct1ResTime" : 9620.600000000002,
    "pct2ResTime" : 13327.599999999999,
    "pct3ResTime" : 23240.36,
    "throughput" : 5.50119612859129,
    "receivedKBytesPerSec" : 3.409098685585738,
    "sentKBytesPerSec" : 0.7521166582058403
  },
  "POST /reservations [Request a Reservation]" : {
    "transaction" : "POST /reservations [Request a Reservation]",
    "sampleCount" : 13177,
    "errorCount" : 48,
    "errorPct" : 0.36427107,
    "meanResTime" : 1899.413068224939,
    "medianResTime" : 190.0,
    "minResTime" : 39.0,
    "maxResTime" : 32650.0,
    "pct1ResTime" : 6467.600000000002,
    "pct2ResTime" : 9853.799999999988,
    "pct3ResTime" : 18338.539999999994,
    "throughput" : 8.75846135030655,
    "receivedKBytesPerSec" : 3.419637584970767,
    "sentKBytesPerSec" : 3.0160482492632044
  },
  "PUT /reservations/reservationId/status [Accept Reservation]" : {
    "transaction" : "PUT /reservations/reservationId/status [Accept Reservation]",
    "sampleCount" : 10944,
    "errorCount" : 42,
    "errorPct" : 0.38377193,
    "meanResTime" : 1779.9925073099375,
    "medianResTime" : 157.0,
    "minResTime" : 39.0,
    "maxResTime" : 32090.0,
    "pct1ResTime" : 5747.5,
    "pct2ResTime" : 9532.5,
    "pct3ResTime" : 18396.649999999983,
    "throughput" : 7.2782217303865755,
    "receivedKBytesPerSec" : 1.6108867552026251,
    "sentKBytesPerSec" : 1.612586379628361
  },
  "GET /sports-facilities/sportsFacilityId/reservations-summaries [View User Rating]" : {
    "transaction" : "GET /sports-facilities/sportsFacilityId/reservations-summaries [View User Rating]",
    "sampleCount" : 17393,
    "errorCount" : 46,
    "errorPct" : 0.2644742,
    "meanResTime" : 2104.967400678433,
    "medianResTime" : 262.0,
    "minResTime" : 40.0,
    "maxResTime" : 32439.0,
    "pct1ResTime" : 7065.0,
    "pct2ResTime" : 10176.3,
    "pct3ResTime" : 18815.680000000102,
    "throughput" : 11.561189287637177,
    "receivedKBytesPerSec" : 7.049193750913967,
    "sentKBytesPerSec" : 2.6646064404375744
  },
  "GET /sports-fields [Evaluate Sports Experience]" : {
    "transaction" : "GET /sports-fields [Evaluate Sports Experience]",
    "sampleCount" : 9522,
    "errorCount" : 12,
    "errorPct" : 0.12602395,
    "meanResTime" : 2682.3064482251607,
    "medianResTime" : 1117.0,
    "minResTime" : 45.0,
    "maxResTime" : 34007.0,
    "pct1ResTime" : 7860.4000000000015,
    "pct2ResTime" : 11672.250000000002,
    "pct3ResTime" : 19874.560000000012,
    "throughput" : 6.3181740065729715,
    "receivedKBytesPerSec" : 11.319803864639658,
    "sentKBytesPerSec" : 0.8391324852479728
  },
  "Total" : {
    "transaction" : "Total",
    "sampleCount" : 206133,
    "errorCount" : 485,
    "errorPct" : 0.23528498,
    "meanResTime" : 2638.8605463462745,
    "medianResTime" : 10506.0,
    "minResTime" : 39.0,
    "maxResTime" : 215588.0,
    "pct1ResTime" : 20522.700000000004,
    "pct2ResTime" : 26884.20000000001,
    "pct3ResTime" : 39539.660000000375,
    "throughput" : 136.64730090208576,
    "receivedKBytesPerSec" : 113.01900886780878,
    "sentKBytesPerSec" : 37.65922775353927
  },
  "POST /users [Create User]" : {
    "transaction" : "POST /users [Create User]",
    "sampleCount" : 33804,
    "errorCount" : 34,
    "errorPct" : 0.10057981,
    "meanResTime" : 1895.7051828186063,
    "medianResTime" : 1368.0,
    "minResTime" : 74.0,
    "maxResTime" : 32838.0,
    "pct1ResTime" : 9254.0,
    "pct2ResTime" : 11000.0,
    "pct3ResTime" : 20244.970000000005,
    "throughput" : 22.467668331381493,