{
  "POST /reservations [Accept Reservation]" : {
    "transaction" : "POST /reservations [Accept Reservation]",
    "sampleCount" : 5634,
    "errorCount" : 85,
    "errorPct" : 1.5086972,
    "meanResTime" : 3270.7896698615555,
    "medianResTime" : 201.0,
    "minResTime" : 40.0,
    "maxResTime" : 45550.0,
    "pct1ResTime" : 10858.0,
    "pct2ResTime" : 15590.0,
    "pct3ResTime" : 25112.699999999986,
    "throughput" : 3.7142224261506573,
    "receivedKBytesPerSec" : 1.5936044341991282,
    "sentKBytesPerSec" : 1.2768766240246374
  },
  "GET /sports-fields [Accept Reservation]" : {
    "transaction" : "GET /sports-fields [Accept Reservation]",
    "sampleCount" : 5665,
    "errorCount" : 22,
    "errorPct" : 0.3883495,
    "meanResTime" : 6177.196469549856,
    "medianResTime" : 2518.0,
    "minResTime" : 50.0,
    "maxResTime" : 50833.0,
    "pct1ResTime" : 18993.800000000007,
    "pct2ResTime" : 25895.0,
    "pct3ResTime" : 34589.60000000002,
    "throughput" : 3.731409642911013,
    "receivedKBytesPerSec" : 6.774560823500372,
    "sentKBytesPerSec" : 0.49557784319911896
  },
  "PUT /reservations/reservationId/status [Evaluate Sports Experience]" : {
    "transaction" : "PUT /reservations/reservationId/status [Evaluate Sports Experience]",
    "sampleCount" : 4834,
    "errorCount" : 98,
    "errorPct" : 2.0273066,
    "meanResTime" : 3060.436491518411,
    "medianResTime" : 201.0,
    "minResTime" : 41.0,
    "maxResTime" : 41072.0,
    "pct1ResTime" : 10652.0,
    "pct2ResTime" : 15199.5,
    "pct3ResTime" : 24846.79999999999,
    "throughput" : 3.187023001418799,
    "receivedKBytesPerSec" : 0.8567707406202366,
    "sentKBytesPerSec" : 0.7059033539725048
  },
  "POST /reservations/updatedReservationId/rating [Evaluate Sports Experience]" : {
    "transaction" : "POST /reservations/updatedReservationId/rating [Evaluate Sports Experience]",
    "sampleCount" : 4821,
    "errorCount" : 112,
    "errorPct" : 2.3231695,
    "meanResTime" : 3088.5332918481636,
    "medianResTime" : 204.0,
    "minResTime" : 40.0,
    "maxResTime" : 41338.0,
    "pct1ResTime" : 10533.0,
    "pct2ResTime" : 15269.599999999999,
    "pct3ResTime" : 24814.839999999953,
    "throughput" : 3.178647087097304,
    "receivedKBytesPerSec" : 0.8289625699635322,
    "sentKBytesPerSec" : 0.7692954584115468
  },
  "GET /sports-fields [Available Sports Fields]" : {
    "transaction" : "GET /sports-fields [Available Sports Fields]",
    "sampleCount" : 11785,
    "errorCount" : 72,
    "errorPct" : 0.6109461,
    "meanResTime" : 7773.832498939325,
    "medianResTime" : 4445.0,
    "minResTime" : 87.0,
    "maxResTime" : 51133.0,
    "pct1ResTime" : 22997.6,
    "pct2ResTime" : 27024.199999999983,
    "pct3ResTime" : 37329.81999999999,
    "throughput" : 7.760656992131346,
    "receivedKBytesPerSec" : 14.26575126604566,
    "sentKBytesPerSec" : 1.0307122567674443
  },
  "POST /sports-facilities/sportsFacilityId/sports-fields [Create Sports Field]" : {
    "transaction" : "POST /sports-facilities/sportsFacilityId/sports-fields [Create Sports Field]",
    "sampleCount" : 6129,
    "errorCount" : 89,
    "errorPct" : 1.4521129,
    "meanResTime" : 8438.721161690335,
    "medianResTime" : 5738.0,
    "minResTime" : 49.0,
    "maxResTime" : 51361.0,
    "pct1ResTime" : 24170.0,
    "pct2ResTime" : 27780.0,
    "pct3ResTime" : 37621.899999999994,
    "throughput" : 4.0358239461521395,
    "receivedKBytesPerSec" : 1.6585670882475148,
    "sentKBytesPerSec" : 1.3796120659711364
  },
  "GET /sports-fields [Request a Reservation]" : {
    "transaction" : "GET /sports-fields [Request a Reservation]",
    "sampleCount" : 6821,
    "errorCount" : 37,
    "errorPct" : 0.54244244,
    "meanResTime" : 6424.937985632604,
    "medianResTime" : 2586.0,
    "minResTime" : 49.0,
    "maxResTime" : 50519.0,
    "pct1ResTime" : 19761.400000000023,
    "pct2ResTime" : 26286.9,
    "pct3ResTime" : 35515.89999999997,
    "throughput" : 4.4928441198478195,
    "receivedKBytesPerSec" : 8.226342892565631,
    "sentKBytesPerSec" : 0.5967058596672885
  },
  "GET /sports-facilities [Create Sports Field]" : {
    "transaction" : "GET /sports-facilities [Create Sports Field]",
    "sampleCount" : 6174,
    "errorCount" : 41,
    "errorPct" : 0.66407514,
    "meanResTime" : 6456.810495626833,
    "medianResTime" : 2379.5,
    "minResTime" : 81.0,
    "maxResTime" : 47694.0,
    "pct1ResTime" : 19648.5,
    "pct2ResTime" : 24850.0,
    "pct3ResTime" : 36028.75,
    "throughput" : 4.066197216492401,
    "receivedKBytesPerSec" : 2.718522546269952,
    "sentKBytesPerSec" : 0.5559254006923204
  },
  "POST /reservations [Request a Reservation]" : {
    "transaction" : "POST /reservations [Request a Reservation]",
    "sampleCount" : 6779,
    "errorCount" : 106,
    "errorPct" : 1.5636525,
    "meanResTime" : 3371.3046172001764,
    "medianResTime" : 216.0,
    "minResTime" : 40.0,
    "maxResTime" : 46878.0,
    "pct1ResTime" : 11222.0,
    "pct2ResTime" : 15680.0,
    "pct3ResTime" : 29122.59999999996,
    "throughput" : 4.469919859262473,
    "receivedKBytesPerSec" : 1.9502968888263212,
    "sentKBytesPerSec" : 1.5366450625073356
  },
  "PUT /reservations/reservationId/status [Accept Reservation]" : {
    "transaction" : "PUT /reservations/reservationId/status [Accept Reservation]",
    "sampleCount" : 5615,
    "errorCount" : 111,
    "errorPct" : 1.9768478,
    "meanResTime" : 3186.2427426536046,
    "medianResTime" : 226.0,
    "minResTime" : 41.0,
    "maxResTime" : 42178.0,
    "pct1ResTime" : 10702.200000000004,
    "pct2ResTime" : 15168.2,
    "pct3ResTime" : 26384.440000000017,
    "throughput" : 3.7032811136620403,
    "receivedKBytesPerSec" : 0.972274243506727,
    "sentKBytesPerSec" : 0.8202427337123234
  },
  "GET /sports-facilities/sportsFacilityId/reservations-summaries [View User Rating]" : {
    "transaction" : "GET /sports-facilities/sportsFacilityId/reservations-summaries [View User Rating]",
    "sampleCount" : 9930,
    "errorCount" : 121,
    "errorPct" : 1.2185297,
    "meanResTime" : 3773.807250755284,
    "medianResTime" : 353.0,
    "minResTime" : 42.0,
    "maxResTime" : 43312.0,
    "pct1ResTime" : 12264.399999999998,
    "pct2ResTime" : 16046.899999999998,
    "pct3ResTime" : 30513.350000000006,
    "throughput" : 6.545827051734446,
    "receivedKBytesPerSec" : 4.430224776523948,
    "sentKBytesPerSec" : 1.5088248773728623
  },
  "GET /sports-fields [Evaluate Sports Experience]" : {
    "transaction" : "GET /sports-fields [Evaluate Sports Experience]",
    "sampleCount" : 4885,
    "errorCount" : 31,
    "errorPct" : 0.6345957,
    "meanResTime" : 6035.50706243603,
    "medianResTime" : 2332.0,
    "minResTime" : 49.0,
    "maxResTime" : 48479.0,
    "pct1ResTime" : 18783.800000000003,
    "pct2ResTime" : 25492.0,
    "pct3ResTime" : 35758.10000000002,
    "throughput" : 3.2176430912559146,
    "receivedKBytesPerSec" : 5.920840484108729,
    "sentKBytesPerSec" : 0.4273432230574262
  },
  "Total" : {
    "transaction" : "Total",
    "sampleCount" : 111362,
    "errorCount" : 1155,
    "errorPct" : 1.0371581,
    "meanResTime" : 4928.8080853433175,
    "medianResTime" : 15003.5,
    "minResTime" : 40.0,
    "maxResTime" : 51361.0,
    "pct1ResTime" : 27954.9,
    "pct2ResTime" : 34614.850000000006,
    "pct3ResTime" : 40650.900000000016,
    "throughput" : 73.31294704722531,
    "receivedKBytesPerSec" : 62.673944419254184,
    "sentKBytesPerSec" : 20.033423363391584
  },
  "POST /users [Create User]" : {
    "transaction" : "POST /users [Create User]",
    "sampleCount" : 17447,
    "errorCount" : 107,
    "errorPct" : 0.61328596,
    "meanResTime" : 3569.851665042708,
    "medianResTime" : 328.0,
    "minResTime" : 78.0,
    "maxResTime" : 46976.0,
    "pct1ResTime" : 11589.200000000019,
    "pct2ResTime" : 15709.599999999991,
    "pct3ResTime" : 27511.160000000003,
    "throughput" : 11.498381382204695,
    "receivedKBytesPerSec" : 6.95642069505992,