{
  "POST /reservations [Accept Reservation]" : {
    "transaction" : "POST /reservations [Accept Reservation]",
    "sampleCount" : 5467,
    "errorCount" : 100,
    "errorPct" : 1.8291568,
    "meanResTime" : 3331.537955002746,
    "medianResTime" : 177.0,
    "minResTime" : 38.0,
    "maxResTime" : 40855.0,
    "pct1ResTime" : 11214.0,
    "pct2ResTime" : 15707.999999999985,
    "pct3ResTime" : 27751.99999999997,
    "throughput" : 3.597493927954048,
    "receivedKBytesPerSec" : 1.538958175267114,
    "sentKBytesPerSec" : 1.2361507927466442
  },
  "GET /sports-fields [Accept Reservation]" : {
    "transaction" : "GET /sports-fields [Accept Reservation]",
    "sampleCount" : 5502,
    "errorCount" : 39,
    "errorPct" : 0.70883316,
    "meanResTime" : 6386.764631043257,
    "medianResTime" : 2292.5,
    "minResTime" : 46.0,
    "maxResTime" : 53742.0,
    "pct1ResTime" : 19987.199999999997,
    "pct2ResTime" : 26553.799999999985,
    "pct3ResTime" : 35679.500000000015,
    "throughput" : 3.6176162525782583,
    "receivedKBytesPerSec" : 6.686417698572744,
    "sentKBytesPerSec" : 0.4804646585455499
  },
  "PUT /reservations/reservationId/status [Evaluate Sports Experience]" : {
    "transaction" : "PUT /reservations/reservationId/status [Evaluate Sports Experience]",
    "sampleCount" : 4722,
    "errorCount" : 89,
    "errorPct" : 1.8847946,
    "meanResTime" : 3157.3862770012697,
    "medianResTime" : 177.5,
    "minResTime" : 39.0,
    "maxResTime" : 41239.0,
    "pct1ResTime" : 10840.599999999999,
    "pct2ResTime" : 15508.0,
    "pct3ResTime" : 27685.359999999873,
    "throughput" : 3.1086650252142887,
    "receivedKBytesPerSec" : 0.8404115652444404,
    "sentKBytesPerSec" : 0.6885171299161279
  },
  "POST /reservations/updatedReservationId/rating [Evaluate Sports Experience]" : {
    "transaction" : "POST /reservations/updatedReservationId/rating [Evaluate Sports Experience]",
    "sampleCount" : 4704,
    "errorCount" : 108,
    "errorPct" : 2.2959185,
    "meanResTime" : 3128.664965986395,
    "medianResTime" : 154.0,
    "minResTime" : 39.0,
    "maxResTime" : 41491.0,
    "pct1ResTime" : 10834.0,
    "pct2ResTime" : 14981.5,
    "pct3ResTime" : 25830.999999999985,
    "throughput" : 3.0958896536473453,
    "receivedKBytesPerSec" : 0.8485825869205244,
    "sentKBytesPerSec" : 0.7492368971768435
  },
  "GET /sports-fields [Available Sports Fields]" : {
    "transaction" : "GET /sports-fields [Available Sports Fields]",
    "sampleCount" : 11444,
    "errorCount" : 96,
    "errorPct" : 0.83886755,
    "meanResTime" : 8029.118315274384,
    "medianResTime" : 4505.0,
    "minResTime" : 83.0,
    "maxResTime" : 53720.0,
    "pct1ResTime" : 24305.5,
    "pct2ResTime" : 27922.75,
    "pct3ResTime" : 37742.2,
    "throughput" : 7.522731216836614,
    "receivedKBytesPerSec" : 14.00113815800069,
    "sentKBytesPerSec" : 0.9991127397361127
  },
  "POST /sports-facilities/sportsFacilityId/sports-fields [Create Sports Field]" : {
    "transaction" : "POST /sports-facilities/sportsFacilityId/sports-fields [Create Sports Field]",
    "sampleCount" : 6186,
    "errorCount" : 96,
    "errorPct" : 1.5518913,
    "meanResTime" : 8314.945037180725,
    "medianResTime" : 5132.0,
    "minResTime" : 45.0,
    "maxResTime" : 52134.0,
    "pct1ResTime" : 25053.700000000004,
    "pct2ResTime" : 28582.799999999996,
    "pct3ResTime" : 37451.13,
    "throughput" : 4.065166204576565,
    "receivedKBytesPerSec" : 1.6357078055413354,
    "sentKBytesPerSec" : 1.3896902111786813
  },
  "GET /sports-fields [Request a Reservation]" : {
    "transaction" : "GET /sports-fields [Request a Reservation]",
    "sampleCount" : 6605,
    "errorCount" : 43,
    "errorPct" : 0.65102196,
    "meanResTime" : 6663.659651778955,
    "medianResTime" : 2433.0,
    "minResTime" : 46.0,
    "maxResTime" : 52415.0,
    "pct1ResTime" : 20526.4,
    "pct2ResTime" : 26648.899999999998,
    "pct3ResTime" : 37569.299999999945,
    "throughput" : 4.342923270638749,
    "receivedKBytesPerSec" : 8.001738140178452,
    "sentKBytesPerSec" : 0.5767944968817088
  },
  "GET /sports-facilities [Create Sports Field]" : {
    "transaction" : "GET /sports-facilities [Create Sports Field]",
    "sampleCount" : 6232,
    "errorCount" : 53,
    "errorPct" : 0.8504493,
    "meanResTime" : 6477.55584082157,
    "medianResTime" : 1931.0,
    "minResTime" : 76.0,
    "maxResTime" : 49781.0,
    "pct1ResTime" : 20332.399999999998,
    "pct2ResTime" : 25158.05,
    "pct3ResTime" : 35757.42,
    "throughput" : 4.0969030647227855,
    "receivedKBytesPerSec" : 2.8259008229552136,
    "sentKBytesPerSec" : 0.5601234658800683
  },
  "POST /reservations [Request a Reservation]" : {
    "transaction" : "POST /reservations [Request a Reservation]",
    "sampleCount" : 6561,
    "errorCount" : 123,
    "errorPct" : 1.8747143,
    "meanResTime" : 3451.4855967078292,
    "medianResTime" : 205.0,
    "minResTime" : 38.0,
    "maxResTime" : 45304.0,
    "pct1ResTime" : 11433.8,
    "pct2ResTime" : 15983.299999999997,
    "pct3ResTime" : 30520.18000000001,
    "throughput" : 4.317552320955823,
    "receivedKBytesPerSec" : 1.9353360878622883,
    "sentKBytesPerSec" : 1.4835378202875604
  },
  "PUT /reservations/reservationId/status [Accept Reservation]" : {
    "transaction" : "PUT /reservations/reservationId/status [Accept Reservation]",
    "sampleCount" : 5452,
    "errorCount" : 130,
    "errorPct" : 2.3844461,
    "meanResTime" : 3281.562545854732,
    "medianResTime" : 187.0,
    "minResTime" : 38.0,
    "maxResTime" : 45665.0,
    "pct1ResTime" : 11128.5,
    "pct2ResTime" : 15526.849999999973,
    "pct3ResTime" : 28157.810000000107,
    "throughput" : 3.589834421191875,
    "receivedKBytesPerSec" : 0.9781057271505261,
    "sentKBytesPerSec" : 0.7951330000483956
  },
  "GET /sports-facilities/sportsFacilityId/reservations-summaries [View User Rating]" : {
    "transaction" : "GET /sports-facilities/sportsFacilityId/reservations-summaries [View User Rating]",
    "sampleCount" : 10038,
    "errorCount" : 116,
    "errorPct" : 1.1556087,
    "meanResTime" : 3720.0238095238105,
    "medianResTime" : 261.0,
    "minResTime" : 39.0,
    "maxResTime" : 45093.0,
    "pct1ResTime" : 11999.200000000004,
    "pct2ResTime" : 16475.05,
    "pct3ResTime" : 29034.770000000033,
    "throughput" : 6.60467735907653,
    "receivedKBytesPerSec" : 4.414536287974592,
    "sentKBytesPerSec" : 1.5224011241456292
  },
  "GET /sports-fields [Evaluate Sports Experience]" : {
    "transaction" : "GET /sports-fields [Evaluate Sports Experience]",
    "sampleCount" : 4768,
    "errorCount" : 19,
    "errorPct" : 0.39848992,
    "meanResTime" : 6270.0100671140835,
    "medianResTime" : 2261.0,
    "minResTime" : 45.0,
    "maxResTime" : 53248.0,
    "pct1ResTime" : 19838.600000000002,
    "pct2ResTime" : 26332.100000000006,
    "pct3ResTime" : 35409.04000000004,
    "throughput" : 3.1348436424411017,
    "receivedKBytesPerSec" : 5.696788476211546,
    "sentKBytesPerSec" : 0.4163464212617088
  },
  "Total" : {
    "transaction" : "Total",
    "sampleCount" : 109466,
    "errorCount" : 1223,
    "errorPct" : 1.1172419,
    "meanResTime" : 5023.700390988988,
    "medianResTime" : 15280.0,
    "minResTime" : 38.0,
    "maxResTime" : 53742.0,
    "pct1ResTime" : 28769.700000000004,
    "pct2ResTime" : 34933.9,
    "pct3ResTime" : 40319.64000000006,
    "throughput" : 71.919776986013,
    "receivedKBytesPerSec" : 61.73860555669893,
    "sentKBytesPerSec" : 19.59368029067735
  },
  "POST /users [Create User]" : {
    "transaction" : "POST /users [Create User]",
    "sampleCount" : 16951,
    "errorCount" : 92,
    "errorPct" : 0.5427408,
    "meanResTime" : 3638.5858651406857,
    "medianResTime" : 297.0,
    "minResTime" : 74.0,
    "maxResTime" : 43917.0,
    "pct1ResTime" : 11629.800000000001,
    "pct2ResTime" : 16175.799999999997,
    "pct3ResTime" : 28010.839999999986,
    "throughput" : 11.150983300825255,
    "receivedKBytesPerSec" : 6.653767593009832,