{
  "POST /reservations [Accept Reservation]" : {
    "transaction" : "POST /reservations [Accept Reservation]",
    "sampleCount" : 11018,
    "errorCount" : 28,
    "errorPct" : 0.25412962,
    "meanResTime" : 1788.5401161735338,
    "medianResTime" : 148.0,
    "minResTime" : 39.0,
    "maxResTime" : 32604.0,
    "pct1ResTime" : 6120.700000000003,
    "pct2ResTime" : 9724.199999999997,
    "pct3ResTime" : 17427.339999999993,
    "throughput" : 7.329106691119195,
    "receivedKBytesPerSec" : 2.8085890754536127,
    "sentKBytesPerSec" : 2.5235684184798193
  },
  "GET /sports-fields [Accept Reservation]" : {
    "transaction" : "GET /sports-fields [Accept Reservation]",
    "sampleCount" : 11050,
    "errorCount" : 10,
    "errorPct" : 0.09049774,
    "meanResTime" : 2795.7289592760203,
    "medianResTime" : 1100.0,
    "minResTime" : 47.0,
    "maxResTime" : 32979.0,
    "pct1ResTime" : 8253.9,
    "pct2ResTime" : 11747.899999999998,
    "pct3ResTime" : 19914.64999999998,
    "throughput" : 7.335763540126627,
    "receivedKBytesPerSec" : 13.126009834445759,
    "sentKBytesPerSec" : 0.9742810951730676
  },
  "PUT /reservations/reservationId/status [Evaluate Sports Experience]" : {
    "transaction" : "PUT /reservations/reservationId/status [Evaluate Sports Experience]",
    "sampleCount" : 9458,
    "errorCount" : 35,
    "errorPct" : 0.3700571,
    "meanResTime" : 1662.3611757242556,
    "medianResTime" : 127.0,
    "minResTime" : 39.0,
    "maxResTime" : 33035.0,
    "pct1ResTime" : 5562.300000000001,
    "pct2ResTime" : 9484.05,
    "pct3ResTime" : 16099.379999999968,
    "throughput" : 6.291144704975379,
    "receivedKBytesPerSec" : 1.4040781274631946,
    "sentKBytesPerSec" : 1.3939018595893395
  },
  "POST /reservations/updatedReservationId/rating [Evaluate Sports Experience]" : {
    "transaction" : "POST /reservations/updatedReservationId/rating [Evaluate Sports Experience]",
    "sampleCount" : 9439,
    "errorCount" : 43,
    "errorPct" : 0.45555672,
    "meanResTime" : 1697.0805170039173,
    "medianResTime" : 126.0,
    "minResTime" : 41.0,
    "maxResTime" : 32505.0,
    "pct1ResTime" : 5631.0,
    "pct2ResTime" : 9490.0,
    "pct3ResTime" : 16802.0,
    "throughput" : 6.283116329845302,
    "receivedKBytesPerSec" : 1.4903616034876987,
    "sentKBytesPerSec" : 1.521000579119738
  },
  "GET /sports-fields [Available Sports Fields]" : {
    "transaction" : "GET /sports-fields [Available Sports Fields]",
    "sampleCount" : 23853,
    "errorCount" : 26,
    "errorPct" : 0.109000966,
    "meanResTime" : 3804.6493942061848,
    "medianResTime" : 2628.0,
    "minResTime" : 85.0,
    "maxResTime" : 33648.0,
    "pct1ResTime" : 11587.700000000004,
    "pct2ResTime" : 13627.95,
    "pct3ResTime" : 22298.910000000014,
    "throughput" : 15.830068170234455,
    "receivedKBytesPerSec" : 28.36254442625211,
    "sentKBytesPerSec" : 2.1024309288592633
  },
  "POST /sports-facilities/sportsFacilityId/sports-fields [Create Sports Field]" : {
    "transaction" : "POST /sports-facilities/sportsFacilityId/sports-fields [Create Sports Field]",
    "sampleCount" : 8322,
    "errorCount" : 23,
    "errorPct" : 0.27637586,
    "meanResTime" : 7842.252102859894,
    "medianResTime" : 2111.5,
    "minResTime" : 47.0,
    "maxResTime" : 203596.0,
    "pct1ResTime" : 21958.199999999997,
    "pct2ResTime" : 33069.249999999985,
    "pct3ResTime" : 66372.91000000003,
    "throughput" : 5.5117839052201,
    "receivedKBytesPerSec" : 1.8391260025376592,
    "sentKBytesPerSec" : 1.883969372534533
  },
  "GET /sports-fields [Request a Reservation]" : {
    "transaction" : "GET /sports-fields [Request a Reservation]",
    "sampleCount" : 13276,
    "errorCount" : 13,
    "errorPct" : 0.09792106,
    "meanResTime" : 2955.8401626996074,
    "medianResTime" : 1205.0,
    "minResTime" : 48.0,
    "maxResTime" : 32970.0,
    "pct1ResTime" : 8988.300000000001,
    "pct2ResTime" : 12015.15,
    "pct3ResTime" : 19564.679999999993,
    "throughput" : 8.812836098906097,
    "receivedKBytesPerSec" : 15.776341876230966,
    "sentKBytesPerSec" : 1.1704547943859658
  },
  "GET /sports-facilities [Create Sports Field]" : {
    "transaction" : "GET /sports-facilities [Create Sports Field]",
    "sampleCount" : 8361,
    "errorCount" : 13,
    "errorPct" : 0.1554838,
    "meanResTime" : 3072.9140055017315,
    "medianResTime" : 1057.0,
    "minResTime" : 79.0,
    "maxResTime" : 33090.0,
    "pct1ResTime" : 9530.2,
    "pct2ResTime" : 12544.399999999998,
    "pct3ResTime" : 22100.859999999964,
    "throughput" : 5.547773823876594,
    "receivedKBytesPerSec" : 3.392062247319505,
    "sentKBytesPerSec" : 0.7584847024831282
  },
  "POST /reservations [Request a Reservation]" : {
    "transaction" : "POST /reservations [Request a Reservation]",
    "sampleCount" : 13236,
    "errorCount" : 43,
    "errorPct" : 0.32487157,
    "meanResTime" : 1891.8586430945868,
    "medianResTime" : 180.0,
    "minResTime" : 40.0,
    "maxResTime" : 32692.0,
    "pct1ResTime" : 6535.000000000022,
    "pct2ResTime" : 9764.0,
    "pct3ResTime" : 16705.519999999997,
    "throughput" : 8.797993132300919,
    "receivedKBytesPerSec" : 3.3730040095228504,
    "sentKBytesPerSec" : 3.029344736126676
  },
  "PUT /reservations/reservationId/status [Accept Reservation]" : {
    "transaction" : "PUT /reservations/reservationId/status [Accept Reservation]",
    "sampleCount" : 10996,
    "errorCount" : 36,
    "errorPct" : 0.32739177,
    "meanResTime" : 1771.7738268461264,
    "medianResTime" : 147.0,
    "minResTime" : 40.0,
    "maxResTime" : 31893.0,
    "pct1ResTime" : 6071.900000000003,
    "pct2ResTime" : 9566.15,
    "pct3ResTime" : 15410.0,
    "throughput" : 7.30954209002649,
    "receivedKBytesPerSec" : 1.5943980490133514,
    "sentKBytesPerSec" : 1.6195285468745326
  },
  "GET /sports-facilities/sportsFacilityId/reservations-summaries [View User Rating]" : {
    "transaction" : "GET /sports-facilities/sportsFacilityId/reservations-summaries [View User Rating]",
    "sampleCount" : 17622,
    "errorCount" : 36,
    "errorPct" : 0.20429009,
    "meanResTime" : 2098.268527976389,
    "medianResTime" : 219.0,
    "minResTime" : 42.0,
    "maxResTime" : 32635.0,
    "pct1ResTime" : 7567.800000000003,
    "pct2ResTime" : 10044.849999999999,
    "pct3ResTime" : 18339.54,
    "throughput" : 11.71342197832,
    "receivedKBytesPerSec" : 7.116018902823863,
    "sentKBytesPerSec" : 2.6996595113724284
  },
  "GET /sports-fields [Evaluate Sports Experience]" : {
    "transaction" : "GET /sports-fields [Evaluate Sports Experience]",
    "sampleCount" : 9493,
    "errorCount" : 7,
    "errorPct" : 0.073738545,
    "meanResTime" : 2667.7025176445836,
    "medianResTime" : 1053.0,
    "minResTime" : 49.0,
    "maxResTime" : 32703.0,
    "pct1ResTime" : 7775.800000000003,
    "pct2ResTime" : 11604.899999999998,
    "pct3ResTime" : 18841.099999999984,
    "throughput" : 6.304449175898981,
    "receivedKBytesPerSec" : 11.269609413290414,
    "sentKBytesPerSec" : 0.8373096561740834
  },
  "Total" : {
    "transaction" : "Total",
    "sampleCount" : 207170,
    "errorCount" : 399,
    "errorPct" : 0.19259545,
    "meanResTime" : 2625.461567794559,
    "medianResTime" : 10545.5,
    "minResTime" : 39.0,
    "maxResTime" : 203596.0,
    "pct1ResTime" : 19691.9,
    "pct2ResTime" : 25434.800000000003,
    "pct3ResTime" : 44715.73000000004,
    "throughput" : 137.18822738665597,
    "receivedKBytesPerSec" : 113.11483508188945,
    "sentKBytesPerSec" : 37.776818864995384
  },
  "POST /users [Create User]" : {
    "transaction" : "POST /users [Create User]",
    "sampleCount" : 33899,
    "errorCount" : 44,
    "errorPct" : 0.12979734,
    "meanResTime" : 1886.0935130829791,
    "medianResTime" : 1315.0,
    "minResTime" : 77.0,
    "maxResTime" : 33015.0,
    "pct1ResTime" : 9494.600000000006,
    "pct2ResTime" : 11018.800000000003,
    "pct3ResTime" : 20377.920000000013,
    "throughput" : 22.526467719084668,