{
  "POST /reservations [Accept Reservation]" : {
    "transaction" : "POST /reservations [Accept Reservation]",
    "sampleCount" : 5419,
    "errorCount" : 200,
    "errorPct" : 3.690718,
    "meanResTime" : 3274.397305775975,
    "medianResTime" : 178.0,
    "minResTime" : 39.0,
    "maxResTime" : 40930.0,
    "pct1ResTime" : 10762.0,
    "pct2ResTime" : 18243.0,
    "pct3ResTime" : 31579.200000000004,
    "throughput" : 3.572813127170786,
    "receivedKBytesPerSec" : 1.808003547058742,
    "sentKBytesPerSec" : 1.2290642861181145
  },
  "GET /sports-fields [Accept Reservation]" : {
    "transaction" : "GET /sports-fields [Accept Reservation]",
    "sampleCount" : 5460,
    "errorCount" : 85,
    "errorPct" : 1.5567765,
    "meanResTime" : 6519.328205128207,
    "medianResTime" : 1770.5,
    "minResTime" : 46.0,
    "maxResTime" : 49694.0,
    "pct1ResTime" : 20624.9,
    "pct2ResTime" : 27725.349999999995,
    "pct3ResTime" : 36366.55000000002,
    "throughput" : 3.596773970423451,
    "receivedKBytesPerSec" : 6.952566452210665,
    "sentKBytesPerSec" : 0.4776965429468646
  },
  "PUT /reservations/reservationId/status [Evaluate Sports Experience]" : {
    "transaction" : "PUT /reservations/reservationId/status [Evaluate Sports Experience]",
    "sampleCount" : 4670,
    "errorCount" : 209,
    "errorPct" : 4.4753747,
    "meanResTime" : 2973.9985010706573,
    "medianResTime" : 165.5,
    "minResTime" : 39.0,
    "maxResTime" : 46176.0,
    "pct1ResTime" : 10070.800000000007,
    "pct2ResTime" : 17344.899999999994,
    "pct3ResTime" : 29624.829999999994,
    "throughput" : 3.081611227358901,
    "receivedKBytesPerSec" : 0.915093052946304,
    "sentKBytesPerSec" : 0.6828006769151685
  },
  "POST /reservations/updatedReservationId/rating [Evaluate Sports Experience]" : {
    "transaction" : "POST /reservations/updatedReservationId/rating [Evaluate Sports Experience]",
    "sampleCount" : 4654,
    "errorCount" : 242,
    "errorPct" : 5.199828,
    "meanResTime" : 2985.7372152986704,
    "medianResTime" : 185.0,
    "minResTime" : 38.0,
    "maxResTime" : 45976.0,
    "pct1ResTime" : 10053.5,
    "pct2ResTime" : 16245.5,
    "pct3ResTime" : 29982.89999999998,
    "throughput" : 3.0708526333848,
    "receivedKBytesPerSec" : 0.9749335426646608,
    "sentKBytesPerSec" : 0.7434721081264763
  },
  "GET /sports-fields [Available Sports Fields]" : {
    "transaction" : "GET /sports-fields [Available Sports Fields]",
    "sampleCount" : 11276,
    "errorCount" : 202,
    "errorPct" : 1.7914155,
    "meanResTime" : 8120.440936502301,
    "medianResTime" : 4177.5,
    "minResTime" : 83.0,
    "maxResTime" : 58806.0,
    "pct1ResTime" : 23201.200000000015,
    "pct2ResTime" : 28645.3,
    "pct3ResTime" : 36769.53,
    "throughput" : 7.426282163158238,
    "receivedKBytesPerSec" : 14.530818390775169,
    "sentKBytesPerSec" : 0.9863030997944534
  },
  "POST /sports-facilities/sportsFacilityId/sports-fields [Create Sports Field]" : {
    "transaction" : "POST /sports-facilities/sportsFacilityId/sports-fields [Create Sports Field]",
    "sampleCount" : 5776,
    "errorCount" : 138,
    "errorPct" : 2.3891966,
    "meanResTime" : 9621.5425900277,
    "medianResTime" : 4090.0,
    "minResTime" : 47.0,
    "maxResTime" : 236118.0,
    "pct1ResTime" : 27177.000000000007,
    "pct2ResTime" : 35918.799999999996,
    "pct3ResTime" : 81284.9299999997,
    "throughput" : 3.803400540351538,
    "receivedKBytesPerSec" : 1.7785702912176082,
    "sentKBytesPerSec" : 1.300274004233061
  },
  "GET /sports-fields [Request a Reservation]" : {
    "transaction" : "GET /sports-fields [Request a Reservation]",
    "sampleCount" : 6533,
    "errorCount" : 83,
    "errorPct" : 1.270473,
    "meanResTime" : 6600.952701668458,
    "medianResTime" : 1921.0,
    "minResTime" : 46.0,
    "maxResTime" : 57622.0,
    "pct1ResTime" : 20819.600000000002,
    "pct2ResTime" : 27249.59999999999,
    "pct3ResTime" : 36087.32,
    "throughput" : 4.3035388092510605,
    "receivedKBytesPerSec" : 8.195318433793155,
    "sentKBytesPerSec" : 0.5715637481036564
  },
  "GET /sports-facilities [Create Sports Field]" : {
    "transaction" : "GET /sports-facilities [Create Sports Field]",
    "sampleCount" : 5823,
    "errorCount" : 69,
    "errorPct" : 1.1849562,
    "meanResTime" : 6160.0522067662705,
    "medianResTime" : 1274.0,
    "minResTime" : 76.0,
    "maxResTime" : 48604.0,
    "pct1ResTime" : 20116.40000000001,
    "pct2ResTime" : 24803.8,
    "pct3ResTime" : 35144.40000000001,
    "throughput" : 3.8354756800015806,
    "receivedKBytesPerSec" : 2.790132258207938,
    "sentKBytesPerSec" : 0.5243814406252162
  },
  "POST /reservations [Request a Reservation]" : {
    "transaction" : "POST /reservations [Request a Reservation]",
    "sampleCount" : 6482,
    "errorCount" : 231,
    "errorPct" : 3.563715,
    "meanResTime" : 3451.622647331066,
    "medianResTime" : 188.5,
    "minResTime" : 39.0,
    "maxResTime" : 44767.0,
    "pct1ResTime" : 11133.499999999996,
    "pct2ResTime" : 18826.249999999985,
    "pct3ResTime" : 31320.420000000002,
    "throughput" : 4.273487368752777,
    "receivedKBytesPerSec" : 2.1580288135699375,
    "sentKBytesPerSec" : 1.4701012928008022
  },
  "PUT /reservations/reservationId/status [Accept Reservation]" : {
    "transaction" : "PUT /reservations/reservationId/status [Accept Reservation]",
    "sampleCount" : 5405,
    "errorCount" : 247,
    "errorPct" : 4.569843,
    "meanResTime" : 3085.508788159115,
    "medianResTime" : 190.0,
    "minResTime" : 39.0,
    "maxResTime" : 46243.0,
    "pct1ResTime" : 10239.400000000001,
    "pct2ResTime" : 17770.899999999994,
    "pct3ResTime" : 30918.919999999933,
    "throughput" : 3.563265599423021,
    "receivedKBytesPerSec" : 1.122008389661058,
    "sentKBytesPerSec" : 0.7894922148744749
  },
  "GET /sports-facilities/sportsFacilityId/reservations-summaries [View User Rating]" : {
    "transaction" : "GET /sports-facilities/sportsFacilityId/reservations-summaries [View User Rating]",
    "sampleCount" : 9821,
    "errorCount" : 263,
    "errorPct" : 2.6779351,
    "meanResTime" : 3796.7657061399104,
    "medianResTime" : 234.0,
    "minResTime" : 39.0,
    "maxResTime" : 46136.0,
    "pct1ResTime" : 11732.000000000011,
    "pct2ResTime" : 21161.599999999995,
    "pct3ResTime" : 32757.820000000043,
    "throughput" : 6.473236354528497,
    "receivedKBytesPerSec" : 4.808040139082963,
    "sentKBytesPerSec" : 1.4924599284770328
  },
  "GET /sports-fields [Evaluate Sports Experience]" : {
    "transaction" : "GET /sports-fields [Evaluate Sports Experience]",
    "sampleCount" : 4723,
    "errorCount" : 65,
    "errorPct" : 1.376244,
    "meanResTime" : 6326.546262968456,
    "medianResTime" : 1856.0,
    "minResTime" : 47.0,
    "maxResTime" : 50707.0,
    "pct1ResTime" : 20607.4,
    "pct2ResTime" : 26780.800000000017,
    "pct3ResTime" : 35218.520000000004,
    "throughput" : 3.111215923523243,
    "receivedKBytesPerSec" : 5.957670302306041,
    "sentKBytesPerSec" : 0.41320836484293066
  },
  "Total" : {
    "transaction" : "Total",
    "sampleCount" : 107385,
    "errorCount" : 2567,
    "errorPct" : 2.3904643,
    "meanResTime" : 5102.05224193327,
    "medianResTime" : 18361.0,
    "minResTime" : 38.0,
    "maxResTime" : 236118.0,
    "pct1ResTime" : 31797.9,
    "pct2ResTime" : 36033.95,
    "pct3ResTime" : 45749.46000000009,
    "throughput" : 70.69611828046183,
    "receivedKBytesPerSec" : 66.01034308659641,
    "sentKBytesPerSec" : 19.29678874683502
  },
  "POST /users [Create User]" : {
    "transaction" : "POST /users [Create User]",
    "sampleCount" : 16776,
    "errorCount" : 219,
    "errorPct" : 1.3054364,
    "meanResTime" : 3878.2024320457685,
    "medianResTime" : 289.0,
    "minResTime" : 74.0,
    "maxResTime" : 46636.0,
    "pct1ResTime" : 12308.900000000003,
    "pct2ResTime" : 20994.449999999997,
    "pct3ResTime" : 34137.47999999997,
    "throughput" : 11.056103000490328,