{
  "POST /reservations [Accept Reservation]" : {
    "transaction" : "POST /reservations [Accept Reservation]",
    "sampleCount" : 10680,
    "errorCount" : 37,
    "errorPct" : 0.34644195,
    "meanResTime" : 1818.4666666666678,
    "medianResTime" : 205.0,
    "minResTime" : 41.0,
    "maxResTime" : 32772.0,
    "pct1ResTime" : 5659.199999999997,
    "pct2ResTime" : 10194.949999999977,
    "pct3ResTime" : 17285.180000000113,
    "throughput" : 7.099586322793195,
    "receivedKBytesPerSec" : 2.682063563857721,
    "sentKBytesPerSec" : 2.4438987576887254
  },
  "GET /sports-fields [Accept Reservation]" : {
    "transaction" : "GET /sports-fields [Accept Reservation]",
    "sampleCount" : 10706,
    "errorCount" : 15,
    "errorPct" : 0.14010835,
    "meanResTime" : 2915.430226041477,
    "medianResTime" : 1180.0,
    "minResTime" : 49.0,
    "maxResTime" : 35417.0,
    "pct1ResTime" : 8208.0,
    "pct2ResTime" : 12749.899999999998,
    "pct3ResTime" : 22455.040000000008,
    "throughput" : 7.105854398348649,
    "receivedKBytesPerSec" : 12.776408971796608,
    "sentKBytesPerSec" : 0.9437462872806799
  },
  "PUT /reservations/reservationId/status [Evaluate Sports Experience]" : {
    "transaction" : "PUT /reservations/reservationId/status [Evaluate Sports Experience]",
    "sampleCount" : 9212,
    "errorCount" : 50,
    "errorPct" : 0.5427703,
    "meanResTime" : 1706.6128962223167,
    "medianResTime" : 169.5,
    "minResTime" : 40.0,
    "maxResTime" : 33075.0,
    "pct1ResTime" : 5454.500000000004,
    "pct2ResTime" : 9288.250000000005,
    "pct3ResTime" : 16547.39000000008,
    "throughput" : 6.118665716409275,
    "receivedKBytesPerSec" : 1.2869899437550354,
    "sentKBytesPerSec" : 1.355828669223417
  },
  "POST /reservations/updatedReservationId/rating [Evaluate Sports Experience]" : {
    "transaction" : "POST /reservations/updatedReservationId/rating [Evaluate Sports Experience]",
    "sampleCount" : 9193,
    "errorCount" : 58,
    "errorPct" : 0.6309148,
    "meanResTime" : 1706.0618949200484,
    "medianResTime" : 169.0,
    "minResTime" : 40.0,
    "maxResTime" : 32714.0,
    "pct1ResTime" : 5345.000000000002,
    "pct2ResTime" : 9421.499999999996,
    "pct3ResTime" : 16656.039999999957,
    "throughput" : 6.117182675723442,
    "receivedKBytesPerSec" : 1.388220669978893,
    "sentKBytesPerSec" : 1.4809775240282244
  },
  "GET /sports-fields [Available Sports Fields]" : {
    "transaction" : "GET /sports-fields [Available Sports Fields]",
    "sampleCount" : 22747,
    "errorCount" : 39,
    "errorPct" : 0.17145118,
    "meanResTime" : 3988.4116586802675,
    "medianResTime" : 2576.0,
    "minResTime" : 85.0,
    "maxResTime" : 36884.0,
    "pct1ResTime" : 11991.900000000001,
    "pct2ResTime" : 15045.800000000003,
    "pct3ResTime" : 25005.780000000035,
    "throughput" : 15.086758645023764,
    "receivedKBytesPerSec" : 27.122236344434008,
    "sentKBytesPerSec" : 2.0037101325422184
  },
  "POST /sports-facilities/sportsFacilityId/sports-fields [Create Sports Field]" : {
    "transaction" : "POST /sports-facilities/sportsFacilityId/sports-fields [Create Sports Field]",
    "sampleCount" : 8080,
    "errorCount" : 23,
    "errorPct" : 0.28465346,
    "meanResTime" : 7901.310891089097,
    "medianResTime" : 2445.5,
    "minResTime" : 50.0,
    "maxResTime" : 108287.0,
    "pct1ResTime" : 22567.9,
    "pct2ResTime" : 33158.399999999994,
    "pct3ResTime" : 62756.59999999963,
    "throughput" : 5.331074224651996,
    "receivedKBytesPerSec" : 1.7166965951969528,
    "sentKBytesPerSec" : 1.8325889808576168
  },
  "GET /sports-fields [Request a Reservation]" : {
    "transaction" : "GET /sports-fields [Request a Reservation]",
    "sampleCount" : 12813,
    "errorCount" : 26,
    "errorPct" : 0.20291892,
    "meanResTime" : 3078.440802310153,
    "medianResTime" : 1263.0,
    "minResTime" : 46.0,
    "maxResTime" : 35296.0,
    "pct1ResTime" : 8891.800000000007,
    "pct2ResTime" : 13188.499999999996,
    "pct3ResTime" : 22772.24000000002,
    "throughput" : 8.501064540549077,
    "receivedKBytesPerSec" : 15.277119820482769,
    "sentKBytesPerSec" : 1.1290476342916742
  },
  "GET /sports-facilities [Create Sports Field]" : {
    "transaction" : "GET /sports-facilities [Create Sports Field]",
    "sampleCount" : 8106,
    "errorCount" : 10,
    "errorPct" : 0.12336541,
    "meanResTime" : 3383.756476683927,
    "medianResTime" : 1291.5,
    "minResTime" : 81.0,
    "maxResTime" : 36584.0,
    "pct1ResTime" : 9968.800000000001,
    "pct2ResTime" : 14176.349999999993,
    "pct3ResTime" : 23887.55000000004,
    "throughput" : 5.376308427393306,
    "receivedKBytesPerSec" : 3.2431763391110184,
    "sentKBytesPerSec" : 0.7350421678076785
  },
  "POST /reservations [Request a Reservation]" : {
    "transaction" : "POST /reservations [Request a Reservation]",
    "sampleCount" : 12774,
    "errorCount" : 58,
    "errorPct" : 0.4540473,
    "meanResTime" : 1944.9846563331805,
    "medianResTime" : 250.0,
    "minResTime" : 41.0,
    "maxResTime" : 32641.0,
    "pct1ResTime" : 5987.5,
    "pct2ResTime" : 10384.25,
    "pct3ResTime" : 19112.5,
    "throughput" : 8.483767339953072,
    "receivedKBytesPerSec" : 3.204100642168521,
    "sentKBytesPerSec" : 2.92051337119836
  },
  "PUT /reservations/reservationId/status [Accept Reservation]" : {
    "transaction" : "PUT /reservations/reservationId/status [Accept Reservation]",
    "sampleCount" : 10658,
    "errorCount" : 46,
    "errorPct" : 0.4316007,
    "meanResTime" : 1815.1104334772015,
    "medianResTime" : 200.5,
    "minResTime" : 41.0,
    "maxResTime" : 33132.0,
    "pct1ResTime" : 5637.1,
    "pct2ResTime" : 9907.249999999996,
    "pct3ResTime" : 19031.05,
    "throughput" : 7.0798458881360435,
    "receivedKBytesPerSec" : 1.4884761213796998,
    "sentKBytesPerSec" : 1.5687755849774145
  },
  "GET /sports-facilities/sportsFacilityId/reservations-summaries [View User Rating]" : {
    "transaction" : "GET /sports-facilities/sportsFacilityId/reservations-summaries [View User Rating]",
    "sampleCount" : 16784,
    "errorCount" : 53,
    "errorPct" : 0.31577694,
    "meanResTime" : 2148.22134175405,
    "medianResTime" : 324.0,
    "minResTime" : 39.0,
    "maxResTime" : 33001.0,
    "pct1ResTime" : 7172.5,
    "pct2ResTime" : 10814.75,
    "pct3ResTime" : 19863.500000000015,
    "throughput" : 11.146005096189413,
    "receivedKBytesPerSec" : 6.71346502363147,
    "sentKBytesPerSec" : 2.590659710900493
  },
  "GET /sports-fields [Evaluate Sports Experience]" : {
    "transaction" : "GET /sports-fields [Evaluate Sports Experience]",
    "sampleCount" : 9266,
    "errorCount" : 14,
    "errorPct" : 0.15109001,
    "meanResTime" : 2820.7233973667144,
    "medianResTime" : 1140.0,
    "minResTime" : 47.0,
    "maxResTime" : 35541.0,
    "pct1ResTime" : 7850.200000000004,
    "pct2ResTime" : 12634.199999999997,
    "pct3ResTime" : 21275.739999999994,
    "throughput" : 6.148203146823683,
    "receivedKBytesPerSec" : 11.05330262922606,
    "sentKBytesPerSec" : 0.8165582304375204
  },
  "Total" : {
    "transaction" : "Total",
    "sampleCount" : 199953,
    "errorCount" : 538,
    "errorPct" : 0.26906323,
    "meanResTime" : 2723.508069396312,
    "medianResTime" : 11432.0,
    "minResTime" : 39.0,
    "maxResTime" : 108287.0,
    "pct1ResTime" : 22183.20000000001,
    "pct2ResTime" : 28841.850000000017,
    "pct3ResTime" : 42179.30000000011,
    "throughput" : 131.8874629968709,
    "receivedKBytesPerSec" : 107.97699085883373,
    "sentKBytesPerSec" : 36.416260060637974
  },
  "POST /users [Create User]" : {
    "transaction" : "POST /users [Create User]",
    "sampleCount" : 32862,
    "errorCount" : 44,
    "errorPct" : 0.13389325,
    "meanResTime" : 1943.0325908343934,
    "medianResTime" : 1259.5,
    "minResTime" : 78.0,
    "maxResTime" : 33044.0,
    "pct1ResTime" : 9296.700000000004,
    "pct2ResTime" : 11797.95,
    "pct3ResTime" : 21980.950000000008,
    "throughput" : 21.817066466965688,