{
  "POST /reservations [Accept Reservation]" : {
    "transaction" : "POST /reservations [Accept Reservation]",
    "sampleCount" : 11124,
    "errorCount" : 50,
    "errorPct" : 0.4494786,
    "meanResTime" : 1756.844750089897,
    "medianResTime" : 170.0,
    "minResTime" : 38.0,
    "maxResTime" : 32846.0,
    "pct1ResTime" : 5516.0,
    "pct2ResTime" : 9871.75,
    "pct3ResTime" : 18735.25,
    "throughput" : 7.392025198273599,
    "receivedKBytesPerSec" : 2.793204379005758,
    "sentKBytesPerSec" : 2.5460593381715304
  },
  "GET /sports-fields [Accept Reservation]" : {
    "transaction" : "GET /sports-fields [Accept Reservation]",
    "sampleCount" : 11161,
    "errorCount" : 17,
    "errorPct" : 0.1523161,
    "meanResTime" : 2807.2310724845447,
    "medianResTime" : 1048.0,
    "minResTime" : 46.0,
    "maxResTime" : 35018.0,
    "pct1ResTime" : 7718.800000000001,
    "pct2ResTime" : 12542.599999999999,
    "pct3ResTime" : 22696.259999999857,
    "throughput" : 7.402867624575584,
    "receivedKBytesPerSec" : 13.308113226987999,
    "sentKBytesPerSec" : 0.9831933563889447
  },
  "PUT /reservations/reservationId/status [Evaluate Sports Experience]" : {
    "transaction" : "PUT /reservations/reservationId/status [Evaluate Sports Experience]",
    "sampleCount" : 9589,
    "errorCount" : 50,
    "errorPct" : 0.5214308,
    "meanResTime" : 1665.3259985399943,
    "medianResTime" : 141.0,
    "minResTime" : 38.0,
    "maxResTime" : 32787.0,
    "pct1ResTime" : 5190.0,
    "pct2ResTime" : 9681.5,
    "pct3ResTime" : 18207.500000000007,
    "throughput" : 6.378977381206598,
    "receivedKBytesPerSec" : 1.3415663111961729,
    "sentKBytesPerSec" : 1.413536862393304
  },
  "POST /reservations/updatedReservationId/rating [Evaluate Sports Experience]" : {
    "transaction" : "POST /reservations/updatedReservationId/rating [Evaluate Sports Experience]",
    "sampleCount" : 9578,
    "errorCount" : 69,
    "errorPct" : 0.7204009,
    "meanResTime" : 1682.6564000835272,
    "medianResTime" : 140.0,
    "minResTime" : 38.0,
    "maxResTime" : 32539.0,
    "pct1ResTime" : 5181.900000000003,
    "pct2ResTime" : 9764.349999999995,
    "pct3ResTime" : 18644.889999999992,
    "throughput" : 6.360949692844097,
    "receivedKBytesPerSec" : 1.4436885169350822,
    "sentKBytesPerSec" : 1.5400243078615308
  },
  "GET /sports-fields [Available Sports Fields]" : {
    "transaction" : "GET /sports-fields [Available Sports Fields]",
    "sampleCount" : 23499,
    "errorCount" : 59,
    "errorPct" : 0.25107452,
    "meanResTime" : 3862.78433124813,
    "medianResTime" : 2469.5,
    "minResTime" : 82.0,
    "maxResTime" : 35879.0,
    "pct1ResTime" : 12301.0,
    "pct2ResTime" : 14722.750000000004,
    "pct3ResTime" : 25315.900000000016,
    "throughput" : 15.582529583199328,
    "receivedKBytesPerSec" : 27.991713321267408,
    "sentKBytesPerSec" : 2.069554710268661
  },
  "POST /sports-facilities/sportsFacilityId/sports-fields [Create Sports Field]" : {
    "transaction" : "POST /sports-facilities/sportsFacilityId/sports-fields [Create Sports Field]",
    "sampleCount" : 9174,
    "errorCount" : 30,
    "errorPct" : 0.3270111,
    "meanResTime" : 6690.864944408094,
    "medianResTime" : 1971.0,
    "minResTime" : 47.0,
    "maxResTime" : 131343.0,
    "pct1ResTime" : 20160.0,
    "pct2ResTime" : 27643.0,
    "pct3ResTime" : 47122.0,
    "throughput" : 6.069262631561886,
    "receivedKBytesPerSec" : 1.9544533127727746,
    "sentKBytesPerSec" : 2.0863574845886776
  },
  "GET /sports-fields [Request a Reservation]" : {
    "transaction" : "GET /sports-fields [Request a Reservation]",
    "sampleCount" : 13347,
    "errorCount" : 15,
    "errorPct" : 0.1123848,
    "meanResTime" : 2956.03356559527,
    "medianResTime" : 1115.0,
    "minResTime" : 47.0,
    "maxResTime" : 35447.0,
    "pct1ResTime" : 8350.80000000001,
    "pct2ResTime" : 12883.599999999999,
    "pct3ResTime" : 21643.68000000008,
    "throughput" : 8.852140013304407,
    "receivedKBytesPerSec" : 15.919160298339403,
    "sentKBytesPerSec" : 1.1756748455169916
  },
  "GET /sports-facilities [Create Sports Field]" : {
    "transaction" : "GET /sports-facilities [Create Sports Field]",
    "sampleCount" : 9200,
    "errorCount" : 15,
    "errorPct" : 0.16304348,
    "meanResTime" : 3226.363478260866,
    "medianResTime" : 1027.0,
    "minResTime" : 78.0,
    "maxResTime" : 34533.0,
    "pct1ResTime" : 10133.299999999997,
    "pct2ResTime" : 13679.649999999992,
    "pct3ResTime" : 23420.55999999999,
    "throughput" : 6.1011558374466395,
    "receivedKBytesPerSec" : 3.679853520242574,
    "sentKBytesPerSec" : 0.8341423996509078
  },
  "POST /reservations [Request a Reservation]" : {
    "transaction" : "POST /reservations [Request a Reservation]",
    "sampleCount" : 13300,
    "errorCount" : 51,
    "errorPct" : 0.38345864,
    "meanResTime" : 1888.371278195489,
    "medianResTime" : 196.0,
    "minResTime" : 38.0,
    "maxResTime" : 32789.0,
    "pct1ResTime" : 5819.9,
    "pct2ResTime" : 10121.949999999999,
    "pct3ResTime" : 19089.899999999998,
    "throughput" : 8.832350042634351,
    "receivedKBytesPerSec" : 3.3380066429814694,
    "sentKBytesPerSec" : 3.042102942077382
  },
  "PUT /reservations/reservationId/status [Accept Reservation]" : {
    "transaction" : "PUT /reservations/reservationId/status [Accept Reservation]",
    "sampleCount" : 11108,
    "errorCount" : 61,
    "errorPct" : 0.54915375,
    "meanResTime" : 1710.7635037810587,
    "medianResTime" : 167.5,
    "minResTime" : 38.0,
    "maxResTime" : 32460.0,
    "pct1ResTime" : 5420.200000000001,
    "pct2ResTime" : 9729.649999999998,
    "pct3ResTime" : 17727.009999999984,
    "throughput" : 7.381878644254322,
    "receivedKBytesPerSec" : 1.5528414955797114,
    "sentKBytesPerSec" : 1.6357823917888228
  },
  "GET /sports-fields [Evaluate Sports Experience]" : {
    "transaction" : "GET /sports-fields [Evaluate Sports Experience]",
    "sampleCount" : 9634,
    "errorCount" : 6,
    "errorPct" : 0.062279426,
    "meanResTime" : 2651.1006850736976,
    "medianResTime" : 980.5,
    "minResTime" : 48.0,
    "maxResTime" : 34896.0,
    "pct1ResTime" : 7495.5,
    "pct2ResTime" : 12246.25,
    "pct3ResTime" : 19326.049999999967,
    "throughput" : 6.389996743317001,
    "receivedKBytesPerSec" : 11.495998230546624,
    "sentKBytesPerSec" : 0.8486714424717892
  },
  "GET /sports-facilities/sportsFacilityId/reservations-summaries [View User Rating]" : {
    "transaction" : "GET /sports-facilities/sportsFacilityId/reservations-summaries [View User Rating]",
    "sampleCount" : 18154,
    "errorCount" : 49,
    "errorPct" : 0.26991296,
    "meanResTime" : 1978.688718739668,
    "medianResTime" : 239.0,
    "minResTime" : 39.0,
    "maxResTime" : 32685.0,
    "pct1ResTime" : 6490.5,
    "pct2ResTime" : 10402.75,
    "pct3ResTime" : 18799.650000000012,
    "throughput" : 12.054664990673803,
    "receivedKBytesPerSec" : 7.232433522629556,
    "sentKBytesPerSec" : 2.801855381661889
  },
  "Total" : {
    "transaction" : "Total",
    "sampleCount" : 210892,
    "errorCount" : 584,
    "errorPct" : 0.27691898,
    "meanResTime" : 2582.049115186883,
    "medianResTime" : 11436.5,
    "minResTime" : 38.0,
    "maxResTime" : 131343.0,
    "pct1ResTime" : 21773.800000000003,
    "pct2ResTime" : 27741.40000000001,
    "pct3ResTime" : 35881.990000000005,
    "throughput" : 139.48953755711415,
    "receivedKBytesPerSec" : 113.50176465464612,
    "sentKBytesPerSec" : 38.41904966543399
  },
  "POST /users [Create User]" : {
    "transaction" : "POST /users [Create User]",
    "sampleCount" : 34217,
    "errorCount" : 49,
    "errorPct" : 0.14320368,
    "meanResTime" : 1868.855072040216,
    "medianResTime" : 1212.0,
    "minResTime" : 74.0,
    "maxResTime" : 33107.0,
    "pct1ResTime" : 9600.900000000001,
    "pct2ResTime" : 11544.95,
    "pct3ResTime" : 21548.7400000002,
    "throughput" : 22.717706093951463,
    "receivedKBytesPerSec" : 12.101350260127926,