{
  "POST /reservations [Accept Reservation]" : {
    "transaction" : "POST /reservations [Accept Reservation]",
    "sampleCount" : 10709,
    "errorCount" : 29,
    "errorPct" : 0.27080026,
    "meanResTime" : 1838.1888131478217,
    "medianResTime" : 204.0,
    "minResTime" : 38.0,
    "maxResTime" : 32503.0,
    "pct1ResTime" : 5752.0,
    "pct2ResTime" : 10254.5,
    "pct3ResTime" : 17522.599999999984,
    "throughput" : 7.1094877039521425,
    "receivedKBytesPerSec" : 2.6854659970776016,
    "sentKBytesPerSec" : 2.446326674785915
  },
  "GET /sports-fields [Accept Reservation]" : {
    "transaction" : "GET /sports-fields [Accept Reservation]",
    "sampleCount" : 10738,
    "errorCount" : 11,
    "errorPct" : 0.10243993,
    "meanResTime" : 2853.00568075993,
    "medianResTime" : 1148.0,
    "minResTime" : 48.0,
    "maxResTime" : 34078.0,
    "pct1ResTime" : 7733.000000000004,
    "pct2ResTime" : 12702.0,
    "pct3ResTime" : 21904.100000000006,
    "throughput" : 7.120755762984537,
    "receivedKBytesPerSec" : 12.79863934102339,
    "sentKBytesPerSec" : 0.9457253747713837
  },
  "PUT /reservations/reservationId/status [Evaluate Sports Experience]" : {
    "transaction" : "PUT /reservations/reservationId/status [Evaluate Sports Experience]",
    "sampleCount" : 9273,
    "errorCount" : 39,
    "errorPct" : 0.42057586,
    "meanResTime" : 1727.3285883748533,
    "medianResTime" : 175.0,
    "minResTime" : 38.0,
    "maxResTime" : 32742.0,
    "pct1ResTime" : 5314.6,
    "pct2ResTime" : 10062.799999999988,
    "pct3ResTime" : 17612.220000000023,
    "throughput" : 6.154550703860782,
    "receivedKBytesPerSec" : 1.2938881131818754,
    "sentKBytesPerSec" : 1.3637626705725796
  },
  "POST /reservations/updatedReservationId/rating [Evaluate Sports Experience]" : {
    "transaction" : "POST /reservations/updatedReservationId/rating [Evaluate Sports Experience]",
    "sampleCount" : 9248,
    "errorCount" : 48,
    "errorPct" : 0.51903117,
    "meanResTime" : 1717.6807958477534,
    "medianResTime" : 167.0,
    "minResTime" : 38.0,
    "maxResTime" : 32638.0,
    "pct1ResTime" : 5288.300000000001,
    "pct2ResTime" : 10043.499999999993,
    "pct3ResTime" : 17661.40000000001,
    "throughput" : 6.141341160532852,
    "receivedKBytesPerSec" : 1.3931064256886432,
    "sentKBytesPerSec" : 1.486800290822188
  },
  "GET /sports-fields [Available Sports Fields]" : {
    "transaction" : "GET /sports-fields [Available Sports Fields]",
    "sampleCount" : 23005,
    "errorCount" : 48,
    "errorPct" : 0.20865029,
    "meanResTime" : 3946.360182569005,
    "medianResTime" : 2636.0,
    "minResTime" : 81.0,
    "maxResTime" : 35291.0,
    "pct1ResTime" : 12396.900000000001,
    "pct2ResTime" : 14389.700000000004,
    "pct3ResTime" : 24206.400000000096,
    "throughput" : 15.249146730531237,
    "receivedKBytesPerSec" : 27.388879657726093,
    "sentKBytesPerSec" : 2.02527730014868
  },
  "POST /sports-facilities/sportsFacilityId/sports-fields [Create Sports Field]" : {
    "transaction" : "POST /sports-facilities/sportsFacilityId/sports-fields [Create Sports Field]",
    "sampleCount" : 7843,
    "errorCount" : 25,
    "errorPct" : 0.31875557,
    "meanResTime" : 8464.02575545073,
    "medianResTime" : 2248.0,
    "minResTime" : 49.0,
    "maxResTime" : 186484.0,
    "pct1ResTime" : 23321.80000000001,
    "pct2ResTime" : 37245.39999999998,
    "pct3ResTime" : 79806.35999999988,
    "throughput" : 5.163435267783666,
    "receivedKBytesPerSec" : 1.6626739225698672,
    "sentKBytesPerSec" : 1.7749694484676914
  },
  "GET /sports-fields [Request a Reservation]" : {
    "transaction" : "GET /sports-fields [Request a Reservation]",
    "sampleCount" : 12886,
    "errorCount" : 17,
    "errorPct" : 0.13192612,
    "meanResTime" : 3033.590485798548,
    "medianResTime" : 1267.0,
    "minResTime" : 45.0,
    "maxResTime" : 33820.0,
    "pct1ResTime" : 8640.100000000008,
    "pct2ResTime" : 13059.949999999999,
    "pct3ResTime" : 22207.0,
    "throughput" : 8.54482085450861,
    "receivedKBytesPerSec" : 15.354838827659995,
    "sentKBytesPerSec" : 1.1348590197394248
  },
  "GET /sports-facilities [Create Sports Field]" : {
    "transaction" : "GET /sports-facilities [Create Sports Field]",
    "sampleCount" : 7866,
    "errorCount" : 12,
    "errorPct" : 0.1525553,
    "meanResTime" : 3186.20111873888,
    "medianResTime" : 1193.0,
    "minResTime" : 78.0,
    "maxResTime" : 33868.0,
    "pct1ResTime" : 9639.6,
    "pct2ResTime" : 13403.599999999999,
    "pct3ResTime" : 22902.149999999994,
    "throughput" : 5.214911225185913,
    "receivedKBytesPerSec" : 3.145010516754212,
    "sentKBytesPerSec" : 0.7129761440683866
  },
  "POST /reservations [Request a Reservation]" : {
    "transaction" : "POST /reservations [Request a Reservation]",
    "sampleCount" : 12835,
    "errorCount" : 49,
    "errorPct" : 0.3817686,
    "meanResTime" : 1971.2987923646224,
    "medianResTime" : 253.0,
    "minResTime" : 38.0,
    "maxResTime" : 32670.0,
    "pct1ResTime" : 6198.199999999997,
    "pct2ResTime" : 10555.999999999978,
    "pct3ResTime" : 19681.639999999985,
    "throughput" : 8.51830024237501,
    "receivedKBytesPerSec" : 3.216707911110027,
    "sentKBytesPerSec" : 2.9313078063070597
  },
  "PUT /reservations/reservationId/status [Accept Reservation]" : {
    "transaction" : "PUT /reservations/reservationId/status [Accept Reservation]",
    "sampleCount" : 10686,
    "errorCount" : 45,
    "errorPct" : 0.42111173,
    "meanResTime" : 1860.524611641402,
    "medianResTime" : 197.0,
    "minResTime" : 38.0,
    "maxResTime" : 32513.0,
    "pct1ResTime" : 5686.800000000007,
    "pct2ResTime" : 10343.599999999999,
    "pct3ResTime" : 19709.909999999996,
    "throughput" : 7.096041596111322,
    "receivedKBytesPerSec" : 1.4915977143803414,
    "sentKBytesPerSec" : 1.5723511603864109
  },
  "GET /sports-facilities/sportsFacilityId/reservations-summaries [View User Rating]" : {
    "transaction" : "GET /sports-facilities/sportsFacilityId/reservations-summaries [View User Rating]",
    "sampleCount" : 16984,
    "errorCount" : 48,
    "errorPct" : 0.28261894,
    "meanResTime" : 2184.9530734809246,
    "medianResTime" : 321.0,
    "minResTime" : 39.0,
    "maxResTime" : 32655.0,
    "pct1ResTime" : 7280.5,
    "pct2ResTime" : 11030.0,
    "pct3ResTime" : 20117.15000000009,
    "throughput" : 11.270746096316302,
    "receivedKBytesPerSec" : 6.422463979476213,
    "sentKBytesPerSec" : 2.61964570710925
  },
  "GET /sports-fields [Evaluate Sports Experience]" : {
    "transaction" : "GET /sports-fields [Evaluate Sports Experience]",
    "sampleCount" : 9307,
    "errorCount" : 11,
    "errorPct" : 0.11819061,
    "meanResTime" : 2739.0944450413663,
    "medianResTime" : 1094.0,
    "minResTime" : 48.0,
    "maxResTime" : 34448.0,
    "pct1ResTime" : 7328.800000000003,
    "pct2ResTime" : 12533.800000000007,
    "pct3ResTime" : 20429.880000000005,
    "throughput" : 6.1718366104567774,
    "receivedKBytesPerSec" : 11.091295970467758,
    "sentKBytesPerSec" : 0.8196970498262907
  },
  "Total" : {
    "transaction" : "Total",
    "sampleCount" : 200696,
    "errorCount" : 476,
    "errorPct" : 0.23717463,
    "meanResTime" : 2715.995490692384,
    "medianResTime" : 11552.0,
    "minResTime" : 38.0,
    "maxResTime" : 186484.0,
    "pct1ResTime" : 21338.500000000007,
    "pct2ResTime" : 28234.95,
    "pct3ResTime" : 46958.58000000087,
    "throughput" : 132.10011110584543,
    "receivedKBytesPerSec" : 107.94346784594859,
    "sentKBytesPerSec" : 36.451195868810856
  },
  "POST /users [Create User]" : {
    "transaction" : "POST /users [Create User]",
    "sampleCount" : 32993,
    "errorCount" : 38,
    "errorPct" : 0.11517595,
    "meanResTime" : 1936.6504713120978,
    "medianResTime" : 1260.0,
    "minResTime" : 74.0,
    "maxResTime" : 32717.0,
    "pct1ResTime" : 9821.0,
    "pct2ResTime" : 11591.900000000001,
    "pct3ResTime" : 21089.94000000001,
    "throughput" : 21.890187466204,