{
  "POST /reservations [Accept Reservation]" : {
    "transaction" : "POST /reservations [Accept Reservation]",
    "sampleCount" : 11135,
    "errorCount" : 46,
    "errorPct" : 0.4131118,
    "meanResTime" : 1779.574584643014,
    "medianResTime" : 144.0,
    "minResTime" : 38.0,
    "maxResTime" : 32460.0,
    "pct1ResTime" : 5628.199999999999,
    "pct2ResTime" : 9945.199999999977,
    "pct3ResTime" : 19094.359999999913,
    "throughput" : 7.399890480291769,
    "receivedKBytesPerSec" : 2.7907993725876423,
    "sentKBytesPerSec" : 2.543034811550342
  },
  "GET /sports-fields [Accept Reservation]" : {
    "transaction" : "GET /sports-fields [Accept Reservation]",
    "sampleCount" : 11162,
    "errorCount" : 19,
    "errorPct" : 0.17022039,
    "meanResTime" : 2786.630352983332,
    "medianResTime" : 996.0,
    "minResTime" : 46.0,
    "maxResTime" : 34438.0,
    "pct1ResTime" : 7954.900000000005,
    "pct2ResTime" : 12453.700000000008,
    "pct3ResTime" : 22160.77000000002,
    "throughput" : 7.406906034086898,
    "receivedKBytesPerSec" : 13.312020261076517,
    "sentKBytesPerSec" : 0.983729707652166
  },
  "PUT /reservations/reservationId/status [Evaluate Sports Experience]" : {
    "transaction" : "PUT /reservations/reservationId/status [Evaluate Sports Experience]",
    "sampleCount" : 9600,
    "errorCount" : 36,
    "errorPct" : 0.375,
    "meanResTime" : 1678.1478125000006,
    "medianResTime" : 122.0,
    "minResTime" : 38.0,
    "maxResTime" : 32491.0,
    "pct1ResTime" : 5394.899999999996,
    "pct2ResTime" : 9809.449999999988,
    "pct3ResTime" : 17043.89,
    "throughput" : 6.378038288161099,
    "receivedKBytesPerSec" : 1.3405072336338542,
    "sentKBytesPerSec" : 1.4133034470058101
  },
  "POST /reservations/updatedReservationId/rating [Evaluate Sports Experience]" : {
    "transaction" : "POST /reservations/updatedReservationId/rating [Evaluate Sports Experience]",
    "sampleCount" : 9575,
    "errorCount" : 46,
    "errorPct" : 0.48041776,
    "meanResTime" : 1641.5890339425596,
    "medianResTime" : 109.0,
    "minResTime" : 38.0,
    "maxResTime" : 32807.0,
    "pct1ResTime" : 5186.399999999998,
    "pct2ResTime" : 9635.0,
    "pct3ResTime" : 17712.639999999992,
    "throughput" : 6.363758412456617,
    "receivedKBytesPerSec" : 1.4433746327546466,
    "sentKBytesPerSec" : 1.540675595410185
  },
  "GET /sports-fields [Available Sports Fields]" : {
    "transaction" : "GET /sports-fields [Available Sports Fields]",
    "sampleCount" : 23729,
    "errorCount" : 46,
    "errorPct" : 0.19385561,
    "meanResTime" : 3823.9382611993856,
    "medianResTime" : 2442.0,
    "minResTime" : 82.0,
    "maxResTime" : 35310.0,
    "pct1ResTime" : 12079.800000000003,
    "pct2ResTime" : 14705.0,
    "pct3ResTime" : 24515.43000000009,
    "throughput" : 15.740557091940534,
    "receivedKBytesPerSec" : 28.28589879163911,
    "sentKBytesPerSec" : 2.0905427387733524
  },
  "POST /sports-facilities/sportsFacilityId/sports-fields [Create Sports Field]" : {
    "transaction" : "POST /sports-facilities/sportsFacilityId/sports-fields [Create Sports Field]",
    "sampleCount" : 9231,
    "errorCount" : 24,
    "errorPct" : 0.2599935,
    "meanResTime" : 6825.263785072048,
    "medianResTime" : 1802.0,
    "minResTime" : 46.0,
    "maxResTime" : 125070.0,
    "pct1ResTime" : 20229.40000000001,
    "pct2ResTime" : 30050.8,
    "pct3ResTime" : 54330.56000000002,
    "throughput" : 6.106640963778906,
    "receivedKBytesPerSec" : 1.96650301983021,
    "sentKBytesPerSec" : 2.099186902715474
  },
  "GET /sports-fields [Request a Reservation]" : {
    "transaction" : "GET /sports-fields [Request a Reservation]",
    "sampleCount" : 13397,
    "errorCount" : 21,
    "errorPct" : 0.15675151,
    "meanResTime" : 2919.900947973422,
    "medianResTime" : 1063.0,
    "minResTime" : 46.0,
    "maxResTime" : 34549.0,
    "pct1ResTime" : 8670.200000000008,
    "pct2ResTime" : 12749.099999999984,
    "pct3ResTime" : 22711.90000000002,
    "throughput" : 8.89077362406037,
    "receivedKBytesPerSec" : 15.980544671873579,
    "sentKBytesPerSec" : 1.180805871945518
  },
  "GET /sports-facilities [Create Sports Field]" : {
    "transaction" : "GET /sports-facilities [Create Sports Field]",
    "sampleCount" : 9253,
    "errorCount" : 9,
    "errorPct" : 0.09726575,
    "meanResTime" : 3041.113800929423,
    "medianResTime" : 894.0,
    "minResTime" : 79.0,
    "maxResTime" : 34811.0,
    "pct1ResTime" : 9477.2,
    "pct2ResTime" : 13562.19999999999,
    "pct3ResTime" : 22888.659999999894,
    "throughput" : 6.138950055763401,
    "receivedKBytesPerSec" : 3.705430433912906,
    "sentKBytesPerSec" : 0.8393095779364025
  },
  "POST /reservations [Request a Reservation]" : {
    "transaction" : "POST /reservations [Request a Reservation]",
    "sampleCount" : 13352,
    "errorCount" : 62,
    "errorPct" : 0.4643499,
    "meanResTime" : 1896.0152037147968,
    "medianResTime" : 163.0,
    "minResTime" : 38.0,
    "maxResTime" : 32501.0,
    "pct1ResTime" : 6063.600000000006,
    "pct2ResTime" : 10312.399999999994,
    "pct3ResTime" : 19846.149999999907,
    "throughput" : 8.870246077580108,
    "receivedKBytesPerSec" : 3.3447303091349183,
    "sentKBytesPerSec" : 3.048319261262362
  },
  "PUT /reservations/reservationId/status [Accept Reservation]" : {
    "transaction" : "PUT /reservations/reservationId/status [Accept Reservation]",
    "sampleCount" : 11111,
    "errorCount" : 57,
    "errorPct" : 0.51300514,
    "meanResTime" : 1741.5750157501582,
    "medianResTime" : 136.0,
    "minResTime" : 38.0,
    "maxResTime" : 32210.0,
    "pct1ResTime" : 5510.800000000001,
    "pct2ResTime" : 9763.399999999987,
    "pct3ResTime" : 18494.519999999837,
    "throughput" : 7.3843924873393325,
    "receivedKBytesPerSec" : 1.5531060069218294,
    "sentKBytesPerSec" : 1.636330528989938
  },
  "GET /sports-fields [Evaluate Sports Experience]" : {
    "transaction" : "GET /sports-fields [Evaluate Sports Experience]",
    "sampleCount" : 9648,
    "errorCount" : 9,
    "errorPct" : 0.09328358,
    "meanResTime" : 2649.0173092868977,
    "medianResTime" : 966.0,
    "minResTime" : 46.0,
    "maxResTime" : 33878.0,
    "pct1ResTime" : 7450.4000000000015,
    "pct2ResTime" : 11890.099999999999,
    "pct3ResTime" : 20076.200000000026,
    "throughput" : 6.403177165187105,
    "receivedKBytesPerSec" : 11.51560128902268,
    "sentKBytesPerSec" : 0.8504219672514123
  },
  "GET /sports-facilities/sportsFacilityId/reservations-summaries [View User Rating]" : {
    "transaction" : "GET /sports-facilities/sportsFacilityId/reservations-summaries [View User Rating]",
    "sampleCount" : 17914,
    "errorCount" : 54,
    "errorPct" : 0.3014402,
    "meanResTime" : 2026.2001786312348,
    "medianResTime" : 208.0,
    "minResTime" : 38.0,
    "maxResTime" : 32560.0,
    "pct1ResTime" : 6677.5,
    "pct2ResTime" : 10658.5,
    "pct3ResTime" : 19781.249999999993,
    "throughput" : 11.903867992921736,
    "receivedKBytesPerSec" : 7.117361391562767,
    "sentKBytesPerSec" : 2.766832880822107
  },
  "Total" : {
    "transaction" : "Total",
    "sampleCount" : 210960,
    "errorCount" : 532,
    "errorPct" : 0.25218052,
    "meanResTime" : 2580.4233883200445,
    "medianResTime" : 11398.0,
    "minResTime" : 38.0,
    "maxResTime" : 125070.0,
    "pct1ResTime" : 22123.0,
    "pct2ResTime" : 29007.100000000013,
    "pct3ResTime" : 39698.97000000016,
    "throughput" : 139.51854989593645,
    "receivedKBytesPerSec" : 113.67840209252198,
    "sentKBytesPerSec" : 38.420495716886
  },
  "POST /users [Create User]" : {
    "transaction" : "POST /users [Create User]",
    "sampleCount" : 34262,
    "errorCount" : 44,
    "errorPct" : 0.12842216,
    "meanResTime" : 1854.4729729729725,
    "medianResTime" : 1170.0,
    "minResTime" : 74.0,
    "maxResTime" : 32636.0,
    "pct1ResTime" : 9532.900000000001,
    "pct2ResTime" : 11584.95,
    "pct3ResTime" : 21605.660000000054,
    "throughput" : 22.753232815870284,