{
  "POST /reservations [Accept Reservation]" : {
    "transaction" : "POST /reservations [Accept Reservation]",
    "sampleCount" : 11113,
    "errorCount" : 47,
    "errorPct" : 0.4229281,
    "meanResTime" : 1773.11347070998,
    "medianResTime" : 162.0,
    "minResTime" : 38.0,
    "maxResTime" : 32148.0,
    "pct1ResTime" : 5910.6,
    "pct2ResTime" : 9551.899999999998,
    "pct3ResTime" : 17674.96000000005,
    "throughput" : 7.381777312509632,
    "receivedKBytesPerSec" : 2.7898946354745116,
    "sentKBytesPerSec" : 2.5429614484720324
  },
  "GET /sports-fields [Accept Reservation]" : {
    "transaction" : "GET /sports-fields [Accept Reservation]",
    "sampleCount" : 11146,
    "errorCount" : 18,
    "errorPct" : 0.16149291,
    "meanResTime" : 2808.4189843890317,
    "medianResTime" : 1146.0,
    "minResTime" : 46.0,
    "maxResTime" : 34730.0,
    "pct1ResTime" : 8224.900000000003,
    "pct2ResTime" : 12012.65,
    "pct3ResTime" : 20982.42000000001,
    "throughput" : 7.392261404582725,
    "receivedKBytesPerSec" : 13.287171190566278,
    "sentKBytesPerSec" : 0.9817847177961432
  },
  "PUT /reservations/reservationId/status [Evaluate Sports Experience]" : {
    "transaction" : "PUT /reservations/reservationId/status [Evaluate Sports Experience]",
    "sampleCount" : 9567,
    "errorCount" : 34,
    "errorPct" : 0.3553883,
    "meanResTime" : 1669.303334378592,
    "medianResTime" : 147.0,
    "minResTime" : 38.0,
    "maxResTime" : 32370.0,
    "pct1ResTime" : 5508.000000000004,
    "pct2ResTime" : 9347.400000000001,
    "pct3ResTime" : 17568.27999999999,
    "throughput" : 6.353133834173047,
    "receivedKBytesPerSec" : 1.3352847631453821,
    "sentKBytesPerSec" : 1.407774475909623
  },
  "POST /reservations/updatedReservationId/rating [Evaluate Sports Experience]" : {
    "transaction" : "POST /reservations/updatedReservationId/rating [Evaluate Sports Experience]",
    "sampleCount" : 9541,
    "errorCount" : 47,
    "errorPct" : 0.49261084,
    "meanResTime" : 1681.5224819201337,
    "medianResTime" : 130.0,
    "minResTime" : 38.0,
    "maxResTime" : 32239.0,
    "pct1ResTime" : 5484.0,
    "pct2ResTime" : 9364.699999999999,
    "pct3ResTime" : 17920.299999999996,
    "throughput" : 6.350193081544173,
    "receivedKBytesPerSec" : 1.4401553028122285,
    "sentKBytesPerSec" : 1.5373602138872287
  },
  "GET /sports-fields [Available Sports Fields]" : {
    "transaction" : "GET /sports-fields [Available Sports Fields]",
    "sampleCount" : 23989,
    "errorCount" : 53,
    "errorPct" : 0.2209346,
    "meanResTime" : 3786.641085497522,
    "medianResTime" : 2655.0,
    "minResTime" : 83.0,
    "maxResTime" : 35215.0,
    "pct1ResTime" : 11743.900000000001,
    "pct2ResTime" : 13770.600000000006,
    "pct3ResTime" : 24377.200000000128,
    "throughput" : 15.903395605998329,
    "receivedKBytesPerSec" : 28.576740272934593,
    "sentKBytesPerSec" : 2.112169728921653
  },
  "POST /sports-facilities/sportsFacilityId/sports-fields [Create Sports Field]" : {
    "transaction" : "POST /sports-facilities/sportsFacilityId/sports-fields [Create Sports Field]",
    "sampleCount" : 8697,
    "errorCount" : 36,
    "errorPct" : 0.41393584,
    "meanResTime" : 7306.395538691514,
    "medianResTime" : 2366.0,
    "minResTime" : 50.0,
    "maxResTime" : 196523.0,
    "pct1ResTime" : 20803.399999999998,
    "pct2ResTime" : 30675.700000000004,
    "pct3ResTime" : 54230.14000000003,
    "throughput" : 5.762816086851079,
    "receivedKBytesPerSec" : 1.8555637429530243,
    "sentKBytesPerSec" : 1.9810197971319108
  },
  "GET /sports-fields [Request a Reservation]" : {
    "transaction" : "GET /sports-fields [Request a Reservation]",
    "sampleCount" : 13363,
    "errorCount" : 21,
    "errorPct" : 0.15715034,
    "meanResTime" : 2958.2665569108744,
    "medianResTime" : 1220.0,
    "minResTime" : 48.0,
    "maxResTime" : 34712.0,
    "pct1ResTime" : 8704.400000000001,
    "pct2ResTime" : 12187.599999999999,
    "pct3ResTime" : 20944.680000000008,
    "throughput" : 8.86219920218322,
    "receivedKBytesPerSec" : 15.930382501707712,
    "sentKBytesPerSec" : 1.1770108315399588
  },
  "GET /sports-facilities [Create Sports Field]" : {
    "transaction" : "GET /sports-facilities [Create Sports Field]",
    "sampleCount" : 8729,
    "errorCount" : 17,
    "errorPct" : 0.19475313,
    "meanResTime" : 3138.274258219728,
    "medianResTime" : 1175.0,
    "minResTime" : 77.0,
    "maxResTime" : 35492.0,
    "pct1ResTime" : 9322.0,
    "pct2ResTime" : 12367.0,
    "pct3ResTime" : 21362.600000000006,
    "throughput" : 5.788856931209493,
    "receivedKBytesPerSec" : 3.490589356401664,
    "sentKBytesPerSec" : 0.7914452835637978
  },
  "POST /reservations [Request a Reservation]" : {
    "transaction" : "POST /reservations [Request a Reservation]",
    "sampleCount" : 13325,
    "errorCount" : 60,
    "errorPct" : 0.4502814,
    "meanResTime" : 1861.3652532833005,
    "medianResTime" : 190.0,
    "minResTime" : 38.0,
    "maxResTime" : 32687.0,
    "pct1ResTime" : 6264.199999999999,
    "pct2ResTime" : 9679.399999999998,
    "pct3ResTime" : 17917.579999999994,
    "throughput" : 8.85652757653502,
    "receivedKBytesPerSec" : 3.346967501279461,
    "sentKBytesPerSec" : 3.0509682101755353
  },
  "PUT /reservations/reservationId/status [Accept Reservation]" : {
    "transaction" : "PUT /reservations/reservationId/status [Accept Reservation]",
    "sampleCount" : 11093,
    "errorCount" : 64,
    "errorPct" : 0.5769404,
    "meanResTime" : 1749.0359686288664,
    "medianResTime" : 157.0,
    "minResTime" : 38.0,
    "maxResTime" : 32285.0,
    "pct1ResTime" : 5745.0,
    "pct2ResTime" : 9511.799999999996,
    "pct3ResTime" : 17591.259999999966,
    "throughput" : 7.371151043808943,
    "receivedKBytesPerSec" : 1.5505927096837642,
    "sentKBytesPerSec" : 1.6333887916707919
  },
  "GET /sports-fields [Evaluate Sports Experience]" : {
    "transaction" : "GET /sports-fields [Evaluate Sports Experience]",
    "sampleCount" : 9612,
    "errorCount" : 9,
    "errorPct" : 0.09363296,
    "meanResTime" : 2667.329692051604,
    "medianResTime" : 1086.0,
    "minResTime" : 47.0,
    "maxResTime" : 34558.0,
    "pct1ResTime" : 7802.900000000005,
    "pct2ResTime" : 11629.500000000004,
    "pct3ResTime" : 19996.29000000005,
    "throughput" : 6.374783130037088,
    "receivedKBytesPerSec" : 11.464639838556229,
    "sentKBytesPerSec" : 0.8466508844580506
  },
  "GET /sports-facilities/sportsFacilityId/reservations-summaries [View User Rating]" : {
    "transaction" : "GET /sports-facilities/sportsFacilityId/reservations-summaries [View User Rating]",
    "sampleCount" : 17977,
    "errorCount" : 61,
    "errorPct" : 0.33932248,
    "meanResTime" : 2022.9589475440891,
    "medianResTime" : 239.0,
    "minResTime" : 38.0,
    "maxResTime" : 32622.0,
    "pct1ResTime" : 6890.4000000000015,
    "pct2ResTime" : 9857.0,
    "pct3ResTime" : 18499.920000000042,
    "throughput" : 11.935896593186905,
    "receivedKBytesPerSec" : 7.175710645261794,
    "sentKBytesPerSec" : 2.7742931444617294
  },
  "Total" : {
    "transaction" : "Total",
    "sampleCount" : 209967,
    "errorCount" : 575,
    "errorPct" : 0.27385256,
    "meanResTime" : 2593.761005300842,
    "medianResTime" : 10408.0,
    "minResTime" : 38.0,
    "maxResTime" : 196523.0,
    "pct1ResTime" : 20503.500000000007,
    "pct2ResTime" : 26972.35000000001,
    "pct3ResTime" : 37818.93000000001,
    "throughput" : 139.08673221993467,
    "receivedKBytesPerSec" : 113.79092864072854,
    "sentKBytesPerSec" : 38.30462210654128
  },
  "POST /users [Create User]" : {
    "transaction" : "POST /users [Create User]",
    "sampleCount" : 34199,
    "errorCount" : 41,
    "errorPct" : 0.11988655,
    "meanResTime" : 1862.5211555893407,
    "medianResTime" : 1358.0,
    "minResTime" : 73.0,
    "maxResTime" : 32538.0,
    "pct1ResTime" : 9332.800000000003,
    "pct2ResTime" : 10746.800000000003,
    "pct3ResTime" : 20919.100000000144,